{
	"credit": "Made with Blockbench",
	"parent": "block/cube_all",
	"textures": {
		"3": "block/barrel_top_open",
		"1_0": "block/barrel_bottom",
		"particle": "block/barrel_bottom",
		"1_1": "block/barrel_side"
	},
	"elements": [
		{
			"from": [0, 0, 0],
			"to": [16, 16, 16],
			"faces": {
				"north": {"uv": [0, 0, 16, 16], "texture": "#1_1"},
				"east": {"uv": [0, 0, 16, 16], "texture": "#1_1"},
				"south": {"uv": [0, 0, 16, 16], "texture": "#1_1"},
				"west": {"uv": [0, 0, 16, 16], "texture": "#1_1"},
				"up": {"uv": [0, 0, 16, 16], "texture": "#3"},
				"down": {"uv": [0, 0, 16, 16], "texture": "#1_0"}
			}
		}
	],
	"display": {
		"gui": {
			"rotation": [45, 45, 0],
			"scale": [0.5, 0.5, 0.5]
		}
	}
}