{
	"credit": "Made with Blockbench",
	"parent": "block/cube_all",
	"textures": {
		"1_0": "block/bell_bottom",
		"particle": "block/bell_bottom",
		"1_1": "block/bell_side",
		"1_2": "block/bell_top",
		"1_4": "block/barrel_side"
	},
	"elements": [
		{
			"from": [4, 4, 4],
			"to": [12, 6, 12],
			"rotation": {"angle": 0, "axis": "y", "origin": [8, 7, 8]},
			"faces": {
				"north": {"uv": [0, 7, 8, 9], "texture": "#1_1"},
				"east": {"uv": [0, 7, 8, 9], "texture": "#1_1"},
				"south": {"uv": [0, 7, 8, 9], "texture": "#1_1"},
				"west": {"uv": [0, 7, 8, 9], "texture": "#1_1"},
				"up": {"uv": [0, 0, 8, 8], "texture": "#1_2"},
				"down": {"uv": [0, 0, 8, 8], "texture": "#1_0"}
			}
		},
		{
			"from": [5, 6, 5],
			"to": [11, 13, 11],
			"rotation": {"angle": 0, "axis": "y", "origin": [8, 7, 8]},
			"faces": {
				"north": {"uv": [1, 0, 7, 7], "texture": "#1_1"},
				"east": {"uv": [1, 0, 7, 7], "texture": "#1_1"},
				"south": {"uv": [1, 0, 7, 7], "texture": "#1_1"},
				"west": {"uv": [1, 0, 7, 7], "texture": "#1_1"},
				"up": {"uv": [1, 1, 7, 7], "texture": "#1_2"},
				"down": {"uv": [1, 1, 7, 7], "texture": "#1_2"}
			}
		},
		{
			"from": [7, -16, 0],
			"to": [9, 0, 2],
			"rotation": {"angle": 0, "axis": "y", "origin": [8, 7, 8]},
			"faces": {
				"north": {"uv": [0, 1, 16, 3], "rotation": 90, "texture": "#1_4"},
				"east": {"uv": [0, 13, 16, 15], "rotation": 90, "texture": "#1_4"},
				"south": {"uv": [0, 7, 16, 9], "rotation": 90, "texture": "#1_4"},
				"west": {"uv": [0, 9, 16, 11], "rotation": 90, "texture": "#1_4"},
				"up": {"uv": [14, 1, 16, 3], "rotation": 90, "texture": "#1_4"},
				"down": {"uv": [14, 9, 16, 11], "rotation": 90, "texture": "#1_4"}
			}
		},
		{
			"from": [7, -16, 14],
			"to": [9, 0, 16],
			"rotation": {"angle": 0, "axis": "y", "origin": [8, 7, 8]},
			"faces": {
				"north": {"uv": [0, 7, 16, 9], "rotation": 90, "texture": "#1_4"},
				"east": {"uv": [0, 7, 16, 9], "rotation": 90, "texture": "#1_4"},
				"south": {"uv": [0, 5, 16, 7], "rotation": 90, "texture": "#1_4"},
				"west": {"uv": [0, 13, 16, 15], "rotation": 90, "texture": "#1_4"},
				"up": {"uv": [14, 1, 16, 3], "rotation": 90, "texture": "#1_4"},
				"down": {"uv": [14, 9, 16, 11], "rotation": 90, "texture": "#1_4"}
			}
		},
		{
			"from": [7, 0, 0],
			"to": [9, 13, 2],
			"rotation": {"angle": 0, "axis": "y", "origin": [8, 7, 8]},
			"faces": {
				"north": {"uv": [0, 7, 13, 9], "rotation": 90, "texture": "#1_4"},
				"east": {"uv": [0, 7, 13, 9], "rotation": 90, "texture": "#1_4"},
				"south": {"uv": [0, 7, 13, 9], "rotation": 90, "texture": "#1_4"},
				"west": {"uv": [0, 7, 13, 9], "rotation": 90, "texture": "#1_4"},
				"up": {"uv": [14, 7, 16, 9], "rotation": 180, "texture": "#1_4"},
				"down": {"uv": [14, 8, 16, 10], "texture": "#1_4"}
			}
		},
		{
			"from": [7, 0, 14],
			"to": [9, 13, 16],
			"rotation": {"angle": 0, "axis": "y", "origin": [8, 7, 8]},
			"faces": {
				"north": {"uv": [0, 7, 13, 9], "rotation": 90, "texture": "#1_4"},
				"east": {"uv": [0, 7, 13, 9], "rotation": 90, "texture": "#1_4"},
				"south": {"uv": [0, 7, 13, 9], "rotation": 90, "texture": "#1_4"},
				"west": {"uv": [0, 7, 13, 9], "rotation": 90, "texture": "#1_4"},
				"up": {"uv": [14, 7, 16, 9], "rotation": 180, "texture": "#1_4"},
				"down": {"uv": [14, 8, 16, 10], "texture": "#1_4"}
			}
		},
		{
			"from": [7, 13, 0],
			"to": [9, 15, 16],
			"rotation": {"angle": 0, "axis": "y", "origin": [8, 7, 8]},
			"faces": {
				"north": {"uv": [14, 8, 16, 10], "texture": "#1_4"},
				"east": {"uv": [0, 7, 16, 9], "texture": "#1_4"},
				"south": {"uv": [14, 0, 16, 2], "texture": "#1_4"},
				"west": {"uv": [0, 5, 16, 7], "rotation": 180, "texture": "#1_4"},
				"up": {"uv": [0, 5, 16, 7], "rotation": 270, "texture": "#1_4"},
				"down": {"uv": [0, 9, 16, 11], "rotation": 90, "texture": "#1_4"}
			}
		}
	],
	"display": {
		"gui": {
			"rotation": [45, 45, 0],
			"scale": [0.5, 0.5, 0.5]
		}
	}
}