{
	"credit": "Made with Blockbench",
	"parent": "block/cube_all",
	"textures": {
		"3": "block/blast_furnace_front_on",
		"1_0": "block/blast_furnace_side",
		"particle": "block/blast_furnace_side",
		"1_2": "block/blast_furnace_top"
	},
	"elements": [
		{
			"from": [0, 0, 0],
			"to": [16, 16, 16],
			"rotation": {"angle": 0, "axis": "y", "origin": [8, 7, 8]},
			"faces": {
				"north": {"uv": [0, 0, 16, 16], "texture": "#3"},
				"east": {"uv": [0, 0, 16, 16], "texture": "#1_0"},
				"south": {"uv": [0, 0, 16, 16], "texture": "#1_0"},
				"west": {"uv": [0, 0, 16, 16], "texture": "#1_0"},
				"up": {"uv": [0, 0, 16, 16], "texture": "#1_2"},
				"down": {"uv": [0, 0, 16, 16], "texture": "#1_2"}
			}
		}
	],
	"display": {
		"gui": {
			"rotation": [45, 45, 0],
			"scale": [0.5, 0.5, 0.5]
		}
	}
}